{"<=50K": {"precision": 0.8546745562130178, "recall": 0.9631901840490797, "f1-score": 0.9056935038876348, "support": 3749}, ">50K": {"precision": 0.8147651006711409, "recall": 0.49713349713349714, "f1-score": 0.6174974567650051, "support": 1221}, "accuracy": 0.848692152917505, "macro avg": {"precision": 0.8347198284420794, "recall": 0.7301618405912884, "f1-score": 0.76159548032632, "support": 4970}, "weighted avg": {"precision": 0.8448698388656071, "recall": 0.848692152917505, "f1-score": 0.8348912154496608, "support": 4970}}