{"<=50K": {"precision": 0.8845553822152886, "recall": 0.9418604651162791, "f1-score": 0.9123089300080451, "support": 5418}, ">50K": {"precision": 0.7855684138869979, "recall": 0.634065934065934, "f1-score": 0.7017330495591365, "support": 1820}, "accuracy": 0.8644653219121304, "macro avg": {"precision": 0.8350618980511433, "recall": 0.7879631995911065, "f1-score": 0.8070209897835908, "support": 7238}, "weighted avg": {"precision": 0.8596650420166857, "recall": 0.8644653219121304, "f1-score": 0.8593594823129619, "support": 7238}}